,Accuracy,Prec@1,Recall@1,Prec@5,Recall@5,Prec@10,Recall@10,Prec@20,Recall@20
GRU,0.06124974221488967,0.11775623839967003,0.01570930961861398,0.08756444627758302,0.05250759161357715,0.07203547123118169,0.08277068603745623,0.05749639100845534,0.1273032672017659
Transformer,0.06042482986182718,0.10744483398638895,0.01415193925485033,0.08047020004124561,0.048636050900575954,0.06811713755413487,0.07855014787142318,0.054970096927201485,0.12296650278644583
