,Accuracy,Prec@1,Recall@1,Prec@5,Recall@5,Prec@10,Recall@10,Prec@20,Recall@20
GRU,0.05592935239697225,0.12005887300252313,0.01804179177628453,0.08397813288477712,0.056634684416135415,0.06942809083263246,0.09053841539736653,0.05673885618166527,0.14016759197033657
Transformer,0.05382674516400336,0.10492010092514718,/usa,0.07922624053826745,0.05511991411182163,0.06587468460891506,0.08611295384580127,0.054121110176619004,0.13496975978751014
